id,Expensive,CPU usage,GPU,Storage space,RAM usage,Screen resolution,Weight,Battery Life,Camera Quality,Indestructibility
Laptop_1,28,21,33,57,14,55,84,11,21,74
Laptop_2,99,53,36,22,76,11,75,34,87,34
Laptop_3,95,50,48,67,98,77,95,72,77,53
Laptop_4,50,28,73,42,37,90,99,93,75,32
Laptop_5,78,48,29,44,61,33,85,56,61,64
Laptop_6,78,79,4,73,50,0,2,99,40,79
Laptop_7,45,33,99,39,98,29,19,35,54,92
Laptop_8,43,32,60,34,47,80,60,78,97,93
Laptop_9,40,2,43,92,72,66,34,2,81,94
Laptop_10,39,2,55,73,29,48,38,69,3,78
Laptop_11,74,43,5,3,64,77,41,16,68,96
Laptop_12,72,61,9,96,58,55,43,10,16,98
Laptop_13,45,81,93,25,86,30,3,52,81,69
Laptop_14,95,87,88,22,73,90,84,69,3,48
Laptop_15,42,83,20,100,23,97,77,34,23,74
Laptop_16,42,92,41,33,7,50,38,26,89,5
Laptop_17,63,14,0,8,70,52,42,26,100,7
Laptop_18,0,80,32,78,81,74,11,82,2,90
Laptop_19,92,2,36,7,55,26,23,27,42,20
Laptop_20,82,49,48,56,46,15,87,10,15,19
Laptop_21,71,60,77,28,47,56,8,43,47,78
Laptop_22,51,92,22,66,56,61,69,95,25,11
Laptop_23,38,44,73,40,39,66,96,36,65,96
Laptop_24,32,26,16,33,34,39,81,10,34,58
Laptop_25,54,66,90,60,83,32,13,11,34,79
Laptop_26,56,85,3,27,79,88,59,63,94,95
Laptop_27,33,89,20,51,11,7,75,21,47,79
Laptop_28,52,13,90,35,90,92,82,64,66,90
Laptop_29,49,52,5,13,33,42,54,33,68,39
Laptop_30,19,99,84,42,8,12,51,26,5,24
Laptop_31,19,77,61,65,14,56,100,22,90,24
Laptop_32,96,36,56,32,28,73,82,4,96,97
Laptop_33,89,32,69,37,63,4,61,23,51,48
Laptop_34,76,95,89,66,3,9,44,7,74,100
Laptop_35,19,20,35,41,94,0,81,61,53,99
Laptop_36,48,65,16,50,82,22,34,85,99,76
Laptop_37,100,64,45,80,1,11,98,23,33,33
Laptop_38,64,96,75,35,9,4,99,85,4,50
Laptop_39,44,9,59,19,40,52,9,100,26,33
Laptop_40,62,42,73,57,80,5,93,77,5,5
Laptop_41,56,12,96,12,47,79,10,42,65,7
Laptop_42,44,33,23,63,20,33,69,11,58,41
Laptop_43,96,18,50,94,59,54,64,13,44,84
Laptop_44,21,77,74,58,16,36,40,7,5,62
Laptop_45,75,16,89,16,86,28,15,94,28,31
Laptop_46,3,86,31,74,45,96,23,64,30,51
Laptop_47,93,28,30,12,38,63,22,53,16,98
Laptop_48,72,78,86,34,1,11,94,64,48,57
Laptop_49,39,40,92,24,55,3,33,65,37,91
Laptop_50,63,72,69,52,37,72,51,14,25,90
Laptop_51,84,9,38,91,81,73,63,38,87,46
Laptop_52,59,51,74,62,78,96,48,50,16,51
Laptop_53,30,38,56,33,62,5,7,66,100,82
Laptop_54,26,91,36,12,17,25,77,37,48,58
Laptop_55,23,47,5,65,6,29,41,37,95,53
Laptop_56,36,22,1,19,87,97,7,74,93,59
Laptop_57,15,58,72,89,59,27,73,14,36,70
Laptop_58,12,42,56,26,53,92,3,82,54,2
Laptop_59,40,1,56,92,61,94,19,65,46,90
Laptop_60,86,68,35,72,48,13,21,12,46,42
Laptop_61,87,0,13,66,31,52,27,11,96,78
Laptop_62,87,38,22,56,14,53,23,15,30,35
Laptop_63,22,52,96,95,58,85,37,12,31,18
Laptop_64,79,90,18,49,2,46,11,49,26,1
Laptop_65,94,95,63,48,15,63,64,97,18,45
Laptop_66,31,54,9,60,78,44,66,58,36,51
Laptop_67,65,88,95,43,54,83,55,40,20,60
Laptop_68,78,0,67,3,58,45,48,77,87,47
Laptop_69,59,12,16,53,82,91,36,52,41,37
Laptop_70,99,99,22,17,75,9,40,48,20,51
Laptop_71,46,92,82,34,42,96,60,84,67,84
Laptop_72,82,54,100,78,94,50,29,69,82,99
Laptop_73,27,85,95,13,45,90,0,44,30,84
Laptop_74,36,4,16,29,50,72,77,16,52,48
Laptop_75,27,22,55,82,5,86,83,27,27,66
Laptop_76,100,35,15,52,58,37,94,33,100,64
Laptop_77,26,29,13,87,90,19,11,86,35,28
Laptop_78,39,24,61,27,8,36,83,39,38,86
Laptop_79,74,1,94,71,14,49,34,56,36,69
Laptop_80,5,94,7,18,23,98,98,98,21,27
Laptop_81,70,4,11,38,89,23,16,24,1,93
Laptop_82,35,22,51,23,20,22,34,46,55,12
Laptop_83,100,1,81,74,56,14,55,36,21,64
Laptop_84,7,21,22,40,37,26,70,70,24,93
Laptop_85,56,9,22,58,72,54,31,86,49,13
Laptop_86,98,2,73,86,57,10,37,4,89,32
Laptop_87,95,74,84,12,60,24,88,17,29,67
Laptop_88,20,19,88,45,14,50,25,99,98,10
Laptop_89,69,32,0,5,70,67,68,93,16,88
Laptop_90,86,37,37,47,22,43,97,97,56,58
Laptop_91,29,73,52,96,37,32,35,75,5,73
Laptop_92,24,8,24,8,0,53,3,100,97,53
Laptop_93,98,18,30,41,49,17,34,82,99,94
Laptop_94,44,31,11,25,12,21,13,74,90,51
Laptop_95,0,33,94,80,74,25,84,32,40,3
Laptop_96,57,42,99,2,32,66,27,9,64,69
Laptop_97,48,89,42,90,51,64,39,0,20,0
Laptop_98,31,89,16,52,99,0,43,69,57,16
Laptop_99,100,36,15,94,79,42,15,44,100,66
Laptop_100,89,100,78,60,60,0,78,8,34,86
Laptop_101,7,9,21,70,1,32,35,87,7,26
Laptop_102,66,48,44,77,37,7,54,18,97,67
Laptop_103,29,81,52,23,44,29,50,29,71,74
Laptop_104,5,73,61,42,85,5,69,99,99,89
Laptop_105,7,47,28,39,65,2,32,65,17,61
Laptop_106,40,8,67,4,11,67,99,10,68,11
Laptop_107,17,30,36,69,58,56,53,45,51,69
Laptop_108,12,48,66,26,20,22,82,0,46,92
Laptop_109,52,22,56,26,44,97,61,22,5,55
Laptop_110,11,30,58,78,25,35,14,92,45,4
Laptop_111,27,75,92,54,6,10,57,61,56,50
Laptop_112,50,8,36,16,100,78,38,37,64,55
Laptop_113,7,48,19,54,35,75,3,13,7,88
Laptop_114,0,63,95,0,83,2,61,20,26,96
Laptop_115,0,6,15,64,80,85,59,20,73,87
Laptop_116,57,51,80,69,67,82,98,63,68,24
Laptop_117,49,8,25,45,43,70,63,65,83,6
Laptop_118,94,65,28,13,44,28,74,1,70,56
Laptop_119,96,78,29,38,24,23,18,48,21,47
Laptop_120,45,70,53,47,95,73,97,66,61,65
Laptop_121,0,92,99,82,9,44,62,29,54,85
Laptop_122,6,62,0,1,70,45,71,38,28,46
Laptop_123,8,86,20,41,6,8,32,7,94,7
Laptop_124,92,45,19,9,39,6,34,19,89,31
Laptop_125,79,89,66,27,99,83,49,55,84,3
Laptop_126,2,2,85,80,30,63,55,36,39,14
Laptop_127,22,29,45,47,99,2,43,33,60,11
Laptop_128,46,70,39,76,31,56,55,18,65,32
Laptop_129,93,7,55,55,6,75,100,26,16,51
Laptop_130,49,79,60,26,75,41,79,12,88,24
Laptop_131,100,58,37,75,20,41,68,39,15,43
Laptop_132,81,15,65,41,36,34,73,20,26,52
Laptop_133,29,52,2,28,25,9,41,98,59,84
Laptop_134,1,15,4,62,32,52,55,73,42,1
Laptop_135,40,49,30,67,45,76,70,63,15,28
Laptop_136,33,58,38,44,66,49,81,16,25,70
Laptop_137,37,72,90,75,3,8,16,47,61,82
Laptop_138,5,42,55,51,23,87,6,26,18,95
Laptop_139,14,23,95,20,94,64,23,81,12,48
Laptop_140,84,37,31,27,14,74,100,17,72,37
Laptop_141,22,57,80,25,99,42,76,89,38,34
Laptop_142,22,82,71,17,73,66,61,34,81,62
Laptop_143,1,20,65,11,75,29,18,97,91,14
Laptop_144,55,44,1,47,98,8,27,34,77,33
Laptop_145,17,65,54,49,40,73,32,77,86,81
Laptop_146,37,35,91,32,84,85,58,92,58,62
Laptop_147,4,49,38,45,88,70,86,28,33,57
Laptop_148,43,59,62,87,74,31,8,100,10,36
Laptop_149,7,90,30,16,18,97,45,88,96,5
Laptop_150,74,11,59,49,45,0,61,56,73,85
Laptop_151,15,23,73,28,79,30,89,74,29,98
Laptop_152,13,9,28,27,8,70,68,71,14,7
Laptop_153,41,81,30,51,75,95,57,90,28,90
Laptop_154,11,63,41,77,99,76,76,16,13,21
Laptop_155,26,33,57,86,53,34,53,44,69,15
Laptop_156,29,62,68,86,27,19,78,79,8,82
Laptop_157,54,84,75,3,58,57,51,53,3,54
Laptop_158,34,47,23,28,58,94,40,55,65,98
Laptop_159,60,28,76,44,28,22,12,12,32,21
Laptop_160,10,88,21,97,96,12,64,97,12,43
Laptop_161,78,29,5,37,96,86,62,92,59,95
Laptop_162,87,93,28,83,74,60,7,25,64,69
Laptop_163,64,37,44,7,67,75,48,33,97,56
Laptop_164,81,59,10,65,67,82,7,64,56,70
Laptop_165,17,68,9,23,40,30,43,95,49,90
Laptop_166,24,60,9,56,80,67,94,33,75,95
Laptop_167,15,4,96,89,45,49,74,40,29,61
Laptop_168,72,98,22,83,36,9,7,13,27,65
Laptop_169,93,21,81,24,92,9,60,9,61,23
Laptop_170,63,27,55,1,13,52,27,64,92,95
Laptop_171,97,42,71,84,50,55,75,5,22,35
Laptop_172,74,88,86,6,17,38,2,7,68,63
Laptop_173,81,100,0,52,95,45,32,54,27,44
Laptop_174,48,28,25,6,88,80,83,2,16,93
Laptop_175,59,20,49,40,34,42,84,92,45,22
Laptop_176,49,30,20,6,56,88,22,15,68,86
Laptop_177,24,74,1,64,62,87,54,92,71,31
Laptop_178,89,18,97,29,36,37,83,98,20,3
Laptop_179,64,22,4,71,4,62,1,3,40,16
Laptop_180,1,51,52,55,16,17,5,83,41,71
Laptop_181,13,52,99,0,32,14,8,65,99,31
Laptop_182,18,8,53,38,60,68,4,76,42,57
Laptop_183,63,65,79,42,42,28,94,67,60,64
Laptop_184,92,2,35,31,81,46,87,97,80,43
Laptop_185,24,16,36,88,37,1,68,57,45,26
Laptop_186,51,66,67,54,0,26,0,4,96,83
Laptop_187,57,45,7,13,1,60,95,72,27,36
Laptop_188,15,70,79,39,40,99,99,91,80,5
Laptop_189,37,11,47,36,26,20,96,83,38,34
Laptop_190,57,44,96,93,51,26,43,0,67,82
Laptop_191,82,89,71,39,55,8,34,82,100,36
Laptop_192,98,36,71,18,80,55,5,8,2,100
Laptop_193,6,87,70,88,60,43,19,1,37,59
Laptop_194,53,82,43,85,10,17,27,18,65,88
Laptop_195,31,68,59,9,62,91,2,16,21,12
Laptop_196,38,31,96,66,0,100,20,13,94,34
Laptop_197,8,97,61,39,13,16,71,66,1,3
Laptop_198,99,4,22,13,92,16,19,10,63,12
Laptop_199,77,72,33,8,71,97,66,78,15,86
Laptop_200,42,64,14,42,54,100,51,6,40,47
Laptop_201,84,16,91,81,44,70,54,9,66,32
Laptop_202,36,60,15,86,28,87,56,79,88,49
Laptop_203,42,45,27,55,4,67,15,79,51,22
Laptop_204,61,99,98,59,63,65,9,95,46,4
Laptop_205,56,98,25,23,69,33,52,21,8,42
Laptop_206,20,60,31,9,80,32,12,89,46,85
Laptop_207,21,98,76,75,10,41,18,64,38,9
Laptop_208,10,27,57,48,5,41,59,91,1,83
Laptop_209,72,43,77,6,84,5,43,93,25,84
Laptop_210,48,59,87,25,80,80,45,0,69,98
Laptop_211,40,84,27,7,77,98,75,4,41,46
Laptop_212,23,29,72,87,9,49,89,97,71,59
Laptop_213,11,56,7,35,80,2,36,39,71,61
Laptop_214,62,82,46,47,16,22,99,96,62,95
Laptop_215,90,87,96,47,68,39,17,38,64,62
Laptop_216,42,30,44,81,98,51,24,11,32,65
Laptop_217,23,48,85,16,67,50,74,61,53,80
Laptop_218,28,47,5,38,19,68,7,57,1,67
Laptop_219,84,17,17,29,7,7,25,22,86,74
Laptop_220,47,21,97,80,33,24,31,17,83,6
Laptop_221,33,2,85,41,48,90,65,25,48,14
Laptop_222,6,92,9,88,84,84,53,63,22,83
Laptop_223,19,7,40,62,57,54,33,31,5,60
Laptop_224,14,62,99,6,90,85,91,46,81,25
Laptop_225,73,45,62,41,55,30,27,19,5,26
Laptop_226,95,81,95,37,74,81,73,77,51,1
Laptop_227,76,67,55,49,32,98,100,88,96,4
Laptop_228,20,76,73,61,91,63,61,70,54,5
Laptop_229,49,34,5,9,83,70,65,79,32,53
Laptop_230,4,63,17,45,40,5,43,25,88,11
Laptop_231,95,21,71,50,70,7,95,47,16,27
Laptop_232,12,31,76,23,93,5,32,20,2,11
Laptop_233,74,99,59,47,41,17,43,6,40,54
Laptop_234,33,31,89,56,43,88,63,96,59,15
Laptop_235,97,23,36,63,38,20,24,31,74,56
Laptop_236,79,74,9,78,33,85,9,0,98,91
Laptop_237,63,94,27,26,24,33,26,72,21,67
Laptop_238,18,51,40,52,37,29,92,74,89,18
Laptop_239,22,98,40,89,19,85,96,79,62,53
Laptop_240,85,97,98,46,58,45,61,73,82,46
Laptop_241,19,30,80,77,77,65,11,67,74,91
Laptop_242,95,2,4,16,34,48,62,35,35,88
Laptop_243,0,2,58,43,19,40,80,31,92,54
Laptop_244,75,52,5,84,19,43,52,94,8,28
Laptop_245,7,99,98,98,94,10,7,43,9,15
Laptop_246,12,47,1,34,52,38,80,29,31,70
Laptop_247,53,74,44,84,92,31,96,36,1,69
Laptop_248,8,1,42,76,33,69,14,56,6,99
Laptop_249,87,53,2,5,37,8,14,24,56,0
Laptop_250,49,36,41,65,54,10,38,10,100,30
Laptop_251,31,39,38,25,68,77,51,65,8,39
Laptop_252,93,9,62,49,17,67,28,25,29,7
Laptop_253,2,4,33,86,94,29,61,10,21,44
Laptop_254,94,85,51,98,22,80,76,97,96,23
Laptop_255,68,46,72,56,75,76,29,23,39,41
Laptop_256,81,25,46,21,21,75,69,53,67,72
Laptop_257,34,8,55,1,1,97,19,18,3,75
Laptop_258,0,77,73,29,69,98,65,37,6,61
Laptop_259,89,64,37,28,54,45,97,63,62,54
Laptop_260,97,81,7,36,48,88,100,99,87,13
Laptop_261,16,99,82,70,38,35,70,96,11,81
Laptop_262,89,56,34,94,86,69,7,35,87,96
Laptop_263,18,62,94,11,42,96,74,18,32,16
Laptop_264,64,36,74,67,97,100,4,99,51,40
Laptop_265,0,97,80,36,37,81,53,84,20,56
Laptop_266,29,46,29,54,43,7,13,22,46,93
Laptop_267,7,23,19,38,8,8,89,32,20,12
Laptop_268,9,51,50,8,68,3,85,96,0,78
Laptop_269,65,15,35,19,3,49,99,76,96,38
Laptop_270,60,67,26,24,22,79,57,30,76,65
Laptop_271,60,36,100,99,6,17,10,35,43,97
Laptop_272,82,79,71,25,91,5,0,16,39,35
Laptop_273,93,37,43,77,94,16,17,16,56,45
Laptop_274,80,61,58,99,30,21,7,92,81,34
Laptop_275,86,91,70,89,88,13,7,34,46,12
Laptop_276,73,99,7,21,7,82,18,59,62,14
Laptop_277,32,36,100,66,14,70,28,64,26,55
Laptop_278,34,94,79,27,100,19,95,47,14,7
Laptop_279,4,32,17,23,68,74,88,7,66,58
Laptop_280,50,19,24,92,39,66,94,81,55,53
Laptop_281,19,89,92,55,15,10,82,66,65,98
Laptop_282,75,91,43,19,59,81,96,92,1,21
Laptop_283,49,65,33,43,45,67,29,58,49,78
Laptop_284,89,1,73,81,86,83,62,70,53,50
Laptop_285,37,55,19,26,27,99,19,20,12,60
Laptop_286,46,71,4,76,78,65,50,86,14,97
Laptop_287,27,61,41,97,38,98,37,94,43,4
Laptop_288,65,80,0,0,16,14,76,93,11,82
Laptop_289,26,30,84,41,24,54,68,0,40,88
Laptop_290,96,32,0,76,100,8,63,96,6,12
Laptop_291,57,25,76,6,32,36,25,14,22,67
Laptop_292,11,83,91,85,31,8,78,62,95,71
Laptop_293,99,9,44,97,100,85,35,24,95,56
Laptop_294,32,91,1,26,35,11,86,19,71,64
Laptop_295,78,14,73,78,77,52,15,96,99,0
Laptop_296,46,1,9,84,93,3,96,20,68,25
Laptop_297,53,55,85,42,32,84,1,64,7,20
Laptop_298,46,66,30,95,80,48,12,34,73,87
Laptop_299,82,69,8,80,6,17,41,86,74,76
Laptop_300,63,89,51,67,51,46,10,33,44,48
Laptop_301,46,60,46,65,73,40,36,98,11,49
Laptop_302,76,42,91,78,88,79,44,81,51,22
Laptop_303,60,10,28,69,89,59,77,98,80,37
Laptop_304,72,68,48,13,2,73,0,77,29,86
Laptop_305,3,55,100,88,45,9,98,73,5,85
Laptop_306,60,20,86,0,50,47,70,91,7,67
Laptop_307,33,69,18,64,6,98,70,1,15,72
Laptop_308,68,82,67,31,29,80,58,63,97,18
Laptop_309,69,35,21,83,45,65,97,19,6,58
Laptop_310,75,100,62,88,94,37,70,35,12,16
Laptop_311,68,24,35,40,26,63,24,22,92,18
Laptop_312,42,5,94,82,12,88,59,48,44,65
Laptop_313,9,64,42,27,39,99,50,4,84,26
Laptop_314,42,43,11,83,88,19,57,35,85,53
Laptop_315,10,47,66,87,24,78,34,19,63,77
Laptop_316,76,18,34,22,60,44,76,76,46,78
Laptop_317,19,35,27,8,39,1,89,64,24,3
Laptop_318,18,91,13,100,92,1,47,76,82,22
Laptop_319,24,92,95,50,56,100,97,0,29,66
Laptop_320,43,16,97,56,84,97,21,49,8,55
Laptop_321,30,41,49,54,45,85,27,34,70,91
Laptop_322,43,69,100,55,17,51,4,95,93,11
Laptop_323,52,7,5,85,2,88,54,55,30,96
Laptop_324,51,0,10,96,22,14,32,100,56,69
Laptop_325,98,33,59,85,17,46,28,26,13,49
Laptop_326,99,47,37,23,12,13,91,60,51,96
Laptop_327,31,60,19,82,30,30,42,65,45,100
Laptop_328,98,67,75,14,54,19,73,15,32,27
Laptop_329,60,15,10,88,20,95,3,40,2,93
Laptop_330,27,73,61,30,13,70,72,57,71,43
Laptop_331,63,21,96,24,46,69,82,65,71,94
Laptop_332,53,15,81,16,79,83,23,29,92,49
Laptop_333,94,31,95,14,85,39,77,22,68,11
Laptop_334,17,61,50,87,46,46,7,47,23,21
Laptop_335,37,18,50,41,32,11,28,23,42,66
Laptop_336,98,58,72,62,49,76,84,16,47,76
Laptop_337,53,55,79,83,86,36,69,86,31,76
Laptop_338,50,4,4,95,2,38,21,26,46,91
Laptop_339,14,83,7,51,45,7,7,50,29,12
Laptop_340,75,45,71,36,36,74,84,19,95,10
Laptop_341,0,54,70,65,93,37,16,3,36,21
Laptop_342,80,80,40,87,98,62,96,70,56,7
Laptop_343,29,1,58,75,16,26,22,97,17,57
Laptop_344,11,89,54,21,8,71,58,2,37,65
Laptop_345,56,12,11,69,2,15,52,58,2,27
Laptop_346,36,55,55,19,87,76,62,27,0,82
Laptop_347,30,52,27,51,69,50,3,41,9,8
Laptop_348,37,53,8,24,50,23,41,72,32,75
Laptop_349,45,19,47,0,47,70,7,89,52,7
Laptop_350,54,56,11,53,83,88,2,1,50,38
Laptop_351,29,39,59,53,39,80,3,75,68,76
Laptop_352,36,98,21,49,8,41,37,67,25,91
Laptop_353,67,55,76,83,98,94,44,67,31,52
Laptop_354,71,57,27,11,29,70,67,41,35,23
Laptop_355,76,80,37,100,92,72,24,95,1,29
Laptop_356,37,78,39,79,11,79,59,3,54,87
Laptop_357,27,18,13,45,21,0,4,7,27,68
Laptop_358,26,37,80,90,34,60,63,0,90,57
Laptop_359,41,63,24,1,71,56,71,3,55,61
Laptop_360,18,92,75,75,68,17,14,54,99,44
Laptop_361,98,99,6,71,4,28,27,24,97,20
Laptop_362,30,21,46,66,77,53,7,2,83,63
Laptop_363,1,95,15,75,20,15,80,80,96,60
Laptop_364,0,11,81,43,33,38,17,81,7,24
Laptop_365,8,73,8,65,47,56,75,16,35,20
Laptop_366,73,30,65,41,71,0,9,31,54,23
Laptop_367,67,74,81,94,4,64,96,53,80,65
Laptop_368,0,42,32,91,31,26,95,15,64,46
Laptop_369,27,55,51,18,88,39,15,34,45,63
Laptop_370,38,86,30,74,82,74,57,87,89,27
Laptop_371,24,7,38,68,62,53,59,31,70,44
Laptop_372,63,45,94,38,32,6,3,6,63,63
Laptop_373,99,30,36,77,87,14,13,39,79,17
Laptop_374,86,12,42,25,19,24,71,75,26,96
Laptop_375,19,83,29,20,82,75,17,59,55,91
Laptop_376,48,57,59,10,72,88,85,71,60,29
Laptop_377,93,99,90,32,67,2,28,65,6,25
Laptop_378,54,17,88,76,1,85,74,54,80,90
Laptop_379,75,86,55,45,32,14,87,82,29,17
Laptop_380,24,53,77,48,93,82,14,93,47,49
Laptop_381,4,81,26,98,63,74,22,19,2,77
Laptop_382,27,25,73,78,68,70,9,1,26,22
Laptop_383,0,91,1,71,67,79,25,66,87,71
Laptop_384,33,93,66,5,100,12,90,70,25,14
Laptop_385,90,99,67,0,95,27,92,24,44,50
Laptop_386,9,68,29,30,99,32,90,47,2,83
Laptop_387,3,36,78,86,20,2,98,89,72,51
Laptop_388,16,60,36,37,32,29,64,25,9,90
Laptop_389,28,40,48,54,13,77,51,68,45,57
Laptop_390,98,73,73,16,8,66,92,41,34,66
Laptop_391,67,45,53,16,99,52,42,73,85,79
Laptop_392,94,14,61,7,5,33,11,8,67,71
Laptop_393,87,49,18,81,30,24,83,39,52,68
Laptop_394,31,62,100,99,97,10,31,52,21,93
Laptop_395,92,19,40,23,76,66,60,45,90,92
Laptop_396,7,87,29,23,72,41,65,47,100,50
Laptop_397,78,53,64,68,92,5,65,99,69,42
Laptop_398,8,3,85,78,36,29,96,10,14,19
Laptop_399,0,5,35,76,17,61,70,50,63,2
Laptop_400,27,24,97,30,12,56,78,61,70,11
Laptop_401,31,97,38,27,27,31,84,60,34,74
Laptop_402,25,66,79,4,93,69,11,95,71,53
Laptop_403,10,91,32,52,80,59,97,11,80,54
Laptop_404,13,8,1,4,61,67,36,48,86,94
Laptop_405,82,87,70,26,18,21,99,87,62,47
Laptop_406,65,5,50,15,29,8,0,36,16,57
Laptop_407,13,10,55,12,37,82,3,73,22,67
Laptop_408,86,95,26,51,60,53,18,62,2,72
Laptop_409,81,77,77,88,6,57,100,8,4,65
Laptop_410,77,17,78,48,91,19,79,77,69,10
Laptop_411,100,95,45,7,51,48,98,53,55,49
Laptop_412,94,45,36,53,69,98,40,11,21,66
Laptop_413,39,99,73,90,97,81,15,20,73,53
Laptop_414,87,35,96,29,83,81,94,22,99,65
Laptop_415,38,97,64,75,59,41,93,44,43,44
Laptop_416,58,42,89,38,59,62,79,71,24,100
Laptop_417,56,39,3,25,67,38,100,97,78,42
Laptop_418,92,53,11,100,22,20,90,9,19,59
Laptop_419,15,81,38,66,46,97,17,51,10,81
Laptop_420,9,22,21,22,77,99,35,69,19,49
Laptop_421,26,24,33,59,8,40,56,58,90,72
Laptop_422,82,95,22,21,70,4,16,80,9,51
Laptop_423,64,36,74,90,71,2,18,65,49,5
Laptop_424,86,69,72,88,10,1,95,68,76,100
Laptop_425,80,77,61,63,100,69,0,70,95,10
Laptop_426,49,41,37,61,66,26,61,2,99,78
Laptop_427,97,13,90,60,43,75,2,5,49,9
Laptop_428,23,75,72,91,12,76,2,10,50,51
Laptop_429,27,22,20,71,29,91,60,16,65,55
Laptop_430,33,18,36,82,9,70,95,84,74,77
Laptop_431,48,78,6,42,37,100,79,19,67,80
Laptop_432,98,45,47,85,51,41,62,13,71,10
Laptop_433,1,87,4,16,1,56,42,15,9,3
Laptop_434,58,22,33,38,95,99,96,70,23,63
Laptop_435,73,25,79,35,8,29,41,60,85,84
Laptop_436,96,49,91,90,76,93,16,68,31,34
Laptop_437,93,35,39,41,29,85,87,74,20,22
Laptop_438,91,57,11,35,84,28,30,63,49,13
Laptop_439,90,5,87,12,87,33,41,13,17,71
Laptop_440,32,67,30,97,16,33,53,11,5,33
Laptop_441,43,47,37,92,45,36,99,19,68,18
Laptop_442,87,99,64,21,27,46,81,53,12,90
Laptop_443,17,85,99,21,4,32,64,3,78,14
Laptop_444,72,8,91,0,82,26,56,72,60,22
Laptop_445,6,91,61,20,13,79,55,6,61,86
Laptop_446,63,39,91,2,17,95,21,76,71,18
Laptop_447,84,88,90,60,100,97,40,11,1,11
Laptop_448,100,25,34,50,8,61,52,99,59,8
Laptop_449,10,68,13,9,4,68,39,28,37,72
Laptop_450,47,47,16,11,20,26,12,62,14,91
Laptop_451,100,82,52,65,13,59,48,27,43,1
Laptop_452,39,62,9,69,23,39,9,59,26,66
Laptop_453,99,51,91,13,23,98,32,57,15,73
Laptop_454,12,100,76,44,30,78,25,68,35,64
Laptop_455,18,29,28,84,39,58,6,18,0,51
Laptop_456,73,10,33,56,68,52,16,37,13,24
Laptop_457,3,10,33,56,66,93,44,34,26,74
Laptop_458,32,7,59,39,88,68,69,88,69,57
Laptop_459,62,71,13,57,32,89,34,0,55,17
Laptop_460,95,67,80,31,78,42,92,32,97,15
Laptop_461,88,87,47,30,51,98,92,66,73,89
Laptop_462,0,27,57,62,97,19,11,82,26,21
Laptop_463,45,64,33,67,96,68,85,29,23,86
Laptop_464,10,26,64,78,43,45,26,79,43,44
Laptop_465,79,83,10,16,12,84,85,16,51,18
Laptop_466,3,42,11,82,12,14,45,4,99,55
Laptop_467,87,17,62,37,87,8,23,69,24,52
Laptop_468,24,86,49,16,50,52,39,6,48,82
Laptop_469,12,19,34,35,57,64,29,48,100,99
Laptop_470,64,60,30,87,52,91,64,7,6,97
Laptop_471,22,57,23,63,71,73,1,8,88,80
Laptop_472,42,58,55,7,20,82,41,35,54,81
Laptop_473,98,12,33,18,2,75,32,99,79,47
Laptop_474,53,100,67,82,58,33,96,56,23,2
Laptop_475,94,59,36,36,86,41,82,78,11,68
Laptop_476,21,69,50,65,84,11,89,13,43,14
Laptop_477,41,18,45,1,56,40,49,72,61,7
Laptop_478,54,35,27,28,68,66,93,8,68,38
Laptop_479,11,46,42,32,78,48,25,75,92,82
Laptop_480,56,64,68,29,18,10,3,80,64,20
Laptop_481,44,0,72,13,52,53,31,21,72,53
Laptop_482,17,59,35,49,23,76,68,31,68,75
Laptop_483,14,65,44,43,57,78,60,55,13,17
Laptop_484,68,32,9,67,22,14,15,49,20,26
Laptop_485,82,28,27,2,2,57,32,83,10,53
Laptop_486,15,19,38,43,3,50,46,8,3,37
Laptop_487,60,29,18,68,22,14,39,84,60,73
Laptop_488,14,48,22,52,27,68,68,34,49,49
Laptop_489,65,88,54,24,45,54,66,12,74,94
Laptop_490,47,4,75,59,51,21,17,19,70,63
Laptop_491,56,71,60,78,64,4,86,28,83,8
Laptop_492,100,8,36,80,0,71,80,45,41,40
Laptop_493,40,31,92,31,95,65,17,58,10,74
Laptop_494,6,66,94,41,5,24,44,58,87,66
Laptop_495,29,96,77,27,33,68,7,65,37,96
Laptop_496,43,4,71,43,33,80,58,87,7,63
Laptop_497,86,17,73,54,47,88,34,11,83,54
Laptop_498,64,84,60,12,10,92,26,28,68,36
Laptop_499,34,79,88,4,54,39,25,25,58,62
Laptop_500,90,32,27,19,65,18,49,50,33,90
Laptop_501,18,63,73,19,88,47,3,49,76,87
Laptop_502,29,48,76,27,80,93,6,37,37,43
Laptop_503,64,92,15,57,31,74,49,63,12,72
Laptop_504,13,100,70,10,54,42,89,91,33,78
Laptop_505,56,49,20,79,76,75,4,73,32,8
Laptop_506,68,38,92,81,64,70,63,47,43,51
Laptop_507,42,70,99,5,99,5,57,68,43,68
Laptop_508,16,50,69,0,71,1,34,68,43,2
Laptop_509,3,73,20,30,43,37,65,32,69,51
Laptop_510,87,79,26,7,10,62,10,67,51,31
Laptop_511,26,26,6,94,44,26,92,85,26,94
Laptop_512,15,58,36,38,77,99,59,28,21,17
Laptop_513,58,95,59,82,8,1,7,99,37,85
Laptop_514,55,88,45,42,39,64,37,59,5,21
Laptop_515,4,70,79,70,28,20,47,47,9,62
Laptop_516,4,20,67,52,61,54,86,15,54,34
Laptop_517,1,8,55,96,74,59,38,7,20,0
Laptop_518,3,73,93,14,5,12,99,47,93,77
Laptop_519,8,59,58,76,68,13,28,16,36,91
Laptop_520,61,13,51,78,78,45,41,18,57,76
Laptop_521,88,67,76,57,80,45,65,42,69,49
Laptop_522,74,55,81,15,1,48,89,49,6,80
Laptop_523,52,97,9,12,82,28,53,49,34,69
Laptop_524,62,64,17,33,76,54,0,82,83,97
Laptop_525,39,67,75,62,5,75,52,76,28,69
Laptop_526,70,17,53,59,36,98,10,95,56,33
Laptop_527,0,82,79,55,61,98,37,59,0,26
Laptop_528,10,61,40,65,86,56,42,39,91,63
Laptop_529,49,82,10,52,71,17,6,27,79,98
Laptop_530,67,71,68,57,73,32,91,76,97,17
Laptop_531,39,9,6,10,17,68,67,28,52,77
Laptop_532,92,77,83,6,45,5,58,46,24,46
Laptop_533,58,25,8,24,66,9,39,92,28,78
Laptop_534,31,46,58,68,48,68,7,58,63,100
Laptop_535,26,46,21,66,34,35,8,18,11,8
Laptop_536,62,74,40,34,93,86,91,38,16,21
Laptop_537,31,22,46,94,16,17,55,80,76,29
Laptop_538,0,50,36,15,21,77,48,6,26,89
Laptop_539,96,96,61,58,39,69,1,87,73,28
Laptop_540,13,80,15,87,70,46,8,38,8,20
Laptop_541,47,12,79,34,62,83,54,84,18,27
Laptop_542,64,20,13,40,33,55,99,41,53,97
Laptop_543,37,98,16,81,61,74,66,43,96,2
Laptop_544,96,7,67,4,44,76,22,25,11,21
Laptop_545,88,59,88,10,41,16,26,10,56,7
Laptop_546,22,60,100,36,82,74,84,41,3,85
Laptop_547,98,31,48,37,2,52,84,31,82,1
Laptop_548,49,99,19,92,98,61,96,51,76,44
Laptop_549,3,76,60,50,0,66,43,18,40,50
Laptop_550,64,65,28,34,28,96,18,94,18,1
Laptop_551,68,62,42,18,89,27,25,86,37,77
Laptop_552,35,8,68,65,3,40,16,99,45,24
Laptop_553,12,20,19,75,21,12,46,63,25,32
Laptop_554,67,79,62,48,67,19,51,82,18,1
Laptop_555,24,78,96,67,46,24,14,59,61,44
Laptop_556,64,31,99,9,14,1,38,35,44,26
Laptop_557,33,78,38,0,90,33,63,18,12,60
Laptop_558,13,64,2,57,92,72,10,12,30,38
Laptop_559,42,41,52,81,72,37,42,90,23,39
Laptop_560,100,18,66,22,52,47,47,50,98,31
Laptop_561,32,48,89,70,85,56,61,16,84,36
Laptop_562,15,69,17,68,81,11,60,49,53,40
Laptop_563,23,15,74,88,55,20,64,63,75,51
Laptop_564,27,52,11,2,60,83,64,87,84,9
Laptop_565,95,28,40,13,6,0,40,9,31,97
Laptop_566,52,73,23,51,73,66,64,57,44,66
Laptop_567,24,3,12,55,92,26,73,68,23,27
Laptop_568,41,8,87,29,42,48,40,8,48,77
Laptop_569,84,16,94,53,92,31,70,62,2,27
Laptop_570,14,89,30,64,50,73,2,44,55,59
Laptop_571,68,10,35,55,79,51,95,4,73,19
Laptop_572,76,84,90,83,17,8,97,19,73,32
Laptop_573,18,63,34,87,31,51,16,76,5,25
Laptop_574,37,44,59,37,99,13,4,74,52,6
Laptop_575,11,65,40,21,15,14,47,55,62,59
Laptop_576,22,6,40,95,96,17,39,66,49,1
Laptop_577,27,10,59,6,21,67,95,56,26,33
Laptop_578,38,13,51,87,10,83,91,70,87,64
Laptop_579,7,14,49,28,64,64,4,23,46,69
Laptop_580,67,17,31,27,34,98,72,42,57,47
Laptop_581,35,48,14,26,18,83,39,70,20,74
Laptop_582,48,25,19,24,63,20,40,83,69,70
Laptop_583,21,3,79,3,74,90,25,29,85,19
Laptop_584,38,87,79,45,54,13,45,10,93,25
Laptop_585,63,74,28,46,1,56,93,20,26,27
Laptop_586,62,47,97,28,63,17,75,67,47,56
Laptop_587,68,42,0,100,51,45,66,0,36,44
Laptop_588,35,82,8,10,76,26,24,52,2,28
Laptop_589,14,29,35,40,2,66,50,67,69,79
Laptop_590,69,95,21,78,87,60,61,4,76,49
Laptop_591,35,92,42,35,21,80,19,24,52,35
Laptop_592,22,58,32,96,24,41,20,30,61,79
Laptop_593,97,95,77,69,61,97,43,49,11,86
Laptop_594,35,77,26,32,69,90,23,52,80,65
Laptop_595,6,78,25,36,34,96,68,95,21,26
Laptop_596,69,98,49,22,40,87,26,73,87,11
Laptop_597,49,37,72,88,33,85,36,10,19,2
Laptop_598,15,12,71,20,12,4,61,80,12,94
Laptop_599,35,40,29,23,44,58,94,14,37,99
Laptop_600,36,85,27,86,31,9,29,9,86,3
Laptop_601,29,25,3,28,19,41,50,61,15,38
Laptop_602,5,44,21,55,39,68,94,15,20,83
Laptop_603,95,26,58,16,46,1,68,30,23,45
Laptop_604,68,14,35,68,10,2,23,28,38,26
Laptop_605,52,11,65,52,59,77,80,34,26,86
Laptop_606,94,5,42,5,54,32,62,61,13,68
Laptop_607,53,97,85,23,51,54,92,63,38,29
Laptop_608,61,28,20,59,59,15,99,47,32,59
Laptop_609,68,25,63,62,56,20,97,94,16,67
Laptop_610,9,64,51,28,78,20,13,22,34,74
Laptop_611,51,37,12,100,32,94,55,93,70,37
Laptop_612,81,60,49,22,18,23,39,33,73,25
Laptop_613,84,52,74,20,94,58,33,73,65,98
Laptop_614,49,87,89,65,78,34,0,54,14,38
Laptop_615,15,88,48,44,54,27,6,13,27,28
Laptop_616,78,5,42,59,12,12,43,12,26,93
Laptop_617,9,15,15,36,38,36,39,28,51,12
Laptop_618,37,82,69,93,91,40,77,27,6,6
Laptop_619,56,96,45,65,91,56,86,7,54,58
Laptop_620,2,55,57,4,59,31,59,14,64,84
Laptop_621,82,72,65,56,70,73,40,15,84,21
Laptop_622,7,34,17,49,34,20,98,15,2,79
Laptop_623,41,16,31,1,28,21,67,97,31,77
Laptop_624,76,24,98,62,13,42,76,78,82,24
Laptop_625,47,24,6,46,37,72,15,47,34,18
Laptop_626,87,71,86,8,3,80,54,23,66,41
Laptop_627,56,49,52,60,26,27,65,73,30,95
Laptop_628,96,79,76,19,30,44,96,28,4,44
Laptop_629,6,64,19,68,100,25,57,16,41,66
Laptop_630,42,12,38,75,36,23,82,50,50,74
Laptop_631,69,59,89,40,15,61,72,34,17,100
Laptop_632,45,41,37,23,91,78,23,37,53,19
Laptop_633,85,49,14,28,93,16,64,13,18,50
Laptop_634,8,21,98,76,62,5,76,48,66,93
Laptop_635,65,93,99,9,0,48,26,18,85,31
Laptop_636,18,21,37,82,94,96,8,37,44,33
Laptop_637,68,7,72,26,16,6,52,68,2,93
Laptop_638,7,36,47,66,67,81,50,96,27,44
Laptop_639,82,3,82,34,18,47,10,54,88,17
Laptop_640,94,39,100,1,47,26,47,17,51,76
Laptop_641,38,42,16,30,83,89,62,46,3,78
Laptop_642,52,56,84,91,35,99,68,68,22,35
Laptop_643,81,62,53,36,35,63,4,32,19,3
Laptop_644,97,40,42,55,23,94,44,44,84,4
Laptop_645,26,89,47,70,92,97,10,46,89,40
Laptop_646,62,3,80,52,96,8,57,91,55,91
Laptop_647,90,46,19,85,22,76,21,94,54,12
Laptop_648,32,99,21,70,20,78,86,5,57,13
Laptop_649,15,48,92,22,54,64,29,41,38,28
Laptop_650,54,21,89,72,6,100,12,98,65,98
Laptop_651,35,92,5,20,28,58,78,33,9,50
Laptop_652,74,9,9,71,78,17,61,65,8,10
Laptop_653,43,81,99,50,13,61,15,77,63,62
Laptop_654,0,40,47,18,97,35,6,88,76,31
Laptop_655,59,53,95,54,73,2,79,0,46,95
Laptop_656,26,34,34,83,45,20,95,100,7,33
Laptop_657,47,92,31,85,55,2,69,24,90,3
Laptop_658,74,56,6,9,53,69,41,24,57,15
Laptop_659,51,42,60,7,74,41,59,71,42,67
Laptop_660,49,11,66,18,19,23,21,100,84,84
Laptop_661,27,72,11,24,78,38,66,81,10,70
Laptop_662,46,34,94,99,73,30,9,45,15,99
Laptop_663,40,76,30,42,85,16,21,50,63,64
Laptop_664,39,50,52,33,49,82,21,29,58,53
Laptop_665,5,97,62,1,20,23,93,21,85,88
Laptop_666,41,86,17,19,99,51,95,76,98,41
Laptop_667,62,4,17,19,28,32,49,20,57,100
Laptop_668,79,47,6,56,96,75,75,41,36,80
Laptop_669,24,34,4,49,43,28,77,9,80,12
Laptop_670,77,78,4,26,39,16,75,48,79,34
Laptop_671,90,34,64,36,83,76,24,95,33,23
Laptop_672,40,55,10,64,77,31,98,86,40,40
Laptop_673,27,59,63,64,83,76,13,76,54,77
Laptop_674,86,5,12,39,62,48,87,97,32,26
Laptop_675,60,68,5,60,15,12,4,41,87,98
Laptop_676,64,88,45,13,78,83,58,90,26,86
Laptop_677,54,79,78,31,57,73,32,17,39,21
Laptop_678,10,86,59,58,89,26,7,53,88,47
Laptop_679,89,8,89,40,10,89,14,26,85,7
Laptop_680,32,51,47,20,15,77,98,10,98,86
Laptop_681,42,1,11,92,69,69,10,54,72,1
Laptop_682,37,77,51,81,29,8,77,91,1,66
Laptop_683,92,89,38,6,19,57,3,8,66,68
Laptop_684,77,92,11,69,17,53,8,52,95,41
Laptop_685,93,12,94,75,0,76,29,54,60,61
Laptop_686,24,25,93,62,42,31,29,44,96,61
Laptop_687,92,22,32,12,42,74,58,52,35,56
Laptop_688,1,88,45,59,73,13,62,72,48,37
Laptop_689,94,82,82,93,85,1,44,41,56,26
Laptop_690,60,69,50,35,38,35,33,38,11,58
Laptop_691,21,78,82,3,47,91,7,71,76,15
Laptop_692,91,32,64,93,29,42,21,54,36,13
Laptop_693,51,47,80,95,80,91,50,86,100,11
Laptop_694,72,92,78,15,85,19,93,16,3,50
Laptop_695,14,62,1,95,39,2,44,56,72,37
Laptop_696,73,3,81,35,53,4,55,31,40,78
Laptop_697,58,45,23,68,27,88,16,94,96,40
Laptop_698,46,88,93,0,55,28,98,16,93,83
Laptop_699,61,81,30,34,33,90,61,69,33,25
Laptop_700,23,74,21,58,75,50,5,28,94,85
Laptop_701,58,94,59,30,82,25,82,35,59,78
Laptop_702,17,86,100,31,20,77,91,26,65,30
Laptop_703,97,98,36,82,92,52,9,87,38,10
Laptop_704,33,36,37,68,87,87,44,5,4,78
Laptop_705,83,16,13,44,5,82,87,15,80,99
Laptop_706,83,17,55,6,79,87,55,100,61,100
Laptop_707,39,24,87,16,13,0,69,81,34,81
Laptop_708,25,30,27,74,5,11,78,27,96,1
Laptop_709,93,9,8,0,31,17,5,5,36,35
Laptop_710,48,77,27,4,74,43,41,30,80,85
Laptop_711,19,39,10,72,75,40,74,31,60,24
Laptop_712,36,27,29,39,40,0,6,84,35,93
Laptop_713,93,66,31,100,90,92,82,46,70,36
Laptop_714,94,25,82,37,27,88,35,100,70,15
Laptop_715,48,32,50,57,56,3,51,35,52,29
Laptop_716,29,65,21,54,69,15,96,54,42,46
Laptop_717,45,87,2,6,5,64,28,62,90,92
Laptop_718,44,89,79,93,82,34,37,3,66,81
Laptop_719,16,44,2,42,77,80,59,14,75,99
Laptop_720,4,100,46,63,50,6,20,81,63,43
Laptop_721,96,88,70,22,9,23,46,99,42,14
Laptop_722,14,58,58,5,40,6,17,82,59,64
Laptop_723,50,14,45,92,48,2,85,73,52,23
Laptop_724,95,36,61,85,58,67,47,89,90,98
Laptop_725,81,29,76,13,6,65,44,60,54,90
Laptop_726,0,20,48,0,17,49,53,3,78,4
Laptop_727,88,24,43,26,65,86,21,96,52,87
Laptop_728,42,44,6,61,46,51,88,16,29,3
Laptop_729,50,37,22,56,31,30,19,4,83,70
Laptop_730,59,68,34,69,36,35,72,60,40,39
Laptop_731,15,3,87,79,83,21,3,0,73,4
Laptop_732,75,45,51,66,100,30,56,4,70,44
Laptop_733,78,21,51,89,16,7,91,47,12,72
Laptop_734,64,20,91,14,73,98,11,73,88,69
Laptop_735,99,14,85,28,68,21,3,33,34,86
Laptop_736,27,29,14,43,41,61,18,93,16,29
Laptop_737,67,86,40,5,98,99,90,64,48,77
Laptop_738,72,69,43,8,19,47,43,91,39,11
Laptop_739,27,42,31,0,30,5,63,51,54,59
Laptop_740,87,68,59,1,74,20,7,40,24,60
Laptop_741,37,53,37,86,24,6,74,23,61,15
Laptop_742,1,97,20,49,39,72,45,19,87,11
Laptop_743,14,98,86,95,81,79,79,36,15,20
Laptop_744,6,60,36,73,69,7,53,64,83,50
Laptop_745,39,23,93,13,64,24,28,90,75,9
Laptop_746,86,16,32,99,51,12,63,11,16,30
Laptop_747,87,54,71,73,52,15,80,53,74,95
Laptop_748,35,83,14,94,0,66,83,24,17,40
Laptop_749,19,20,21,44,10,42,61,80,1,55
Laptop_750,19,4,44,50,51,62,56,39,41,61
Laptop_751,40,65,89,19,7,24,37,74,46,21
Laptop_752,11,80,1,3,63,1,27,67,57,67
Laptop_753,10,68,1,69,57,84,6,43,39,43
Laptop_754,13,61,18,27,30,4,91,13,13,46
Laptop_755,80,52,24,78,100,16,89,45,38,88
Laptop_756,10,59,74,43,58,21,84,20,65,34
Laptop_757,66,64,34,75,96,0,45,44,49,80
Laptop_758,21,7,59,38,53,32,42,85,11,5
Laptop_759,32,6,93,24,70,0,7,92,45,25
Laptop_760,69,33,36,84,91,89,46,94,57,33
Laptop_761,14,61,11,20,59,59,41,2,35,74
Laptop_762,42,74,51,29,59,3,66,96,96,19
Laptop_763,97,1,31,80,48,72,9,13,57,67
Laptop_764,64,97,65,68,45,17,4,26,9,55
Laptop_765,58,40,74,71,41,22,11,29,75,65
Laptop_766,58,44,5,9,60,80,51,58,55,70
Laptop_767,92,29,82,44,56,56,19,87,23,16
Laptop_768,79,95,54,1,85,96,84,90,13,60
Laptop_769,21,62,21,100,37,49,72,1,19,26
Laptop_770,5,22,99,60,10,37,82,22,51,63
Laptop_771,5,6,10,21,16,57,38,30,10,38
Laptop_772,23,88,27,55,75,79,89,3,25,97
Laptop_773,99,14,61,89,83,49,94,43,24,77
Laptop_774,7,63,25,37,41,2,10,43,65,25
Laptop_775,27,93,54,66,94,65,60,51,8,98
Laptop_776,64,65,100,64,66,82,90,8,78,93
Laptop_777,51,69,10,52,51,20,21,91,82,58
Laptop_778,10,86,68,43,16,14,52,26,15,79
Laptop_779,47,76,78,96,95,24,75,54,3,17
Laptop_780,38,92,29,2,42,56,51,52,100,1
Laptop_781,11,17,66,2,63,4,73,21,63,88
Laptop_782,43,85,10,86,84,59,78,8,23,89
Laptop_783,72,35,8,10,44,14,1,67,55,16
Laptop_784,6,74,64,63,23,21,31,26,56,36
Laptop_785,62,64,5,20,20,32,83,99,82,38
Laptop_786,40,36,48,47,66,8,13,47,62,59
Laptop_787,61,58,15,0,76,64,95,1,45,60
Laptop_788,27,10,63,90,52,43,86,39,67,63
Laptop_789,28,43,43,30,0,52,91,0,36,40
Laptop_790,67,83,14,19,30,91,48,36,11,5
Laptop_791,93,13,14,37,83,11,67,99,70,68
Laptop_792,27,11,34,94,58,93,65,69,73,80
Laptop_793,30,26,28,55,50,37,51,84,4,91
Laptop_794,95,59,91,13,54,40,55,67,44,10
Laptop_795,54,81,23,58,85,73,67,16,79,87
Laptop_796,54,99,75,50,35,56,54,61,49,42
Laptop_797,10,71,39,48,83,3,60,96,61,28
Laptop_798,20,96,19,69,75,44,28,95,96,86
Laptop_799,7,48,75,1,70,5,28,3,43,1
Laptop_800,19,22,56,2,88,50,58,31,32,6
Laptop_801,69,55,56,39,94,7,9,81,30,63
Laptop_802,87,86,39,54,5,29,37,52,1,54
Laptop_803,60,74,37,37,81,92,36,4,50,30
Laptop_804,63,85,63,52,87,1,48,57,25,93
Laptop_805,3,92,28,54,77,86,62,68,11,83
Laptop_806,73,61,34,52,57,75,60,34,8,65
Laptop_807,90,38,67,78,28,69,79,42,26,18
Laptop_808,19,67,22,90,92,52,35,28,84,81
Laptop_809,46,45,91,68,41,39,18,97,3,62
Laptop_810,66,56,31,99,49,52,55,95,85,62
Laptop_811,5,56,28,28,11,6,46,58,47,100
Laptop_812,62,83,58,79,34,44,96,74,51,24
Laptop_813,20,11,41,67,94,85,96,8,60,90
Laptop_814,25,92,1,90,2,21,89,36,9,73
Laptop_815,88,6,27,92,43,61,16,22,51,87
Laptop_816,94,94,50,82,68,13,79,79,59,9
Laptop_817,66,24,27,99,46,35,73,33,29,20
Laptop_818,94,60,95,91,79,96,100,71,28,44
Laptop_819,66,44,82,33,100,66,80,70,24,24
Laptop_820,24,22,84,35,43,21,73,59,66,20
Laptop_821,0,29,21,41,28,96,70,12,88,95
Laptop_822,96,75,82,81,1,38,33,15,43,41
Laptop_823,34,19,26,46,74,80,61,15,59,15
Laptop_824,29,35,13,11,39,3,50,89,32,97
Laptop_825,40,29,97,4,35,74,27,81,36,41
Laptop_826,20,85,62,7,95,17,25,5,48,98
Laptop_827,37,33,18,46,56,20,83,77,59,2
Laptop_828,4,64,82,82,95,66,96,53,49,34
Laptop_829,31,76,10,71,47,65,20,11,69,78
Laptop_830,36,93,40,41,26,22,1,47,7,41
Laptop_831,41,66,83,8,84,30,44,63,65,24
Laptop_832,99,4,28,79,0,66,92,74,19,72
Laptop_833,18,90,14,61,62,97,64,80,97,10
Laptop_834,94,68,65,35,24,94,61,33,65,35
Laptop_835,72,65,4,24,1,38,16,45,2,97
Laptop_836,69,33,71,14,86,58,76,12,33,43
Laptop_837,47,15,2,7,54,80,42,19,46,15
Laptop_838,83,81,9,49,51,51,9,16,48,16
Laptop_839,18,19,59,36,83,80,37,71,52,95
Laptop_840,48,80,72,66,39,53,5,34,22,36
Laptop_841,12,74,64,35,75,96,59,35,22,85
Laptop_842,15,73,98,16,88,40,37,1,69,40
Laptop_843,68,69,53,89,69,8,71,5,5,38
Laptop_844,64,76,82,51,46,90,43,74,12,86
Laptop_845,68,70,95,53,69,81,99,62,28,70
Laptop_846,91,94,16,78,10,89,29,6,100,14
Laptop_847,18,21,16,13,51,84,71,46,78,62
Laptop_848,38,84,53,95,18,63,81,26,33,76
Laptop_849,28,62,13,65,18,33,31,73,73,85
Laptop_850,22,94,57,20,97,53,68,96,24,88
Laptop_851,53,25,15,59,33,11,97,67,17,91
Laptop_852,45,81,80,44,69,98,90,69,39,92
Laptop_853,66,43,34,50,100,90,87,66,62,80
Laptop_854,10,22,22,49,65,6,58,48,3,40
Laptop_855,91,39,80,94,83,35,47,73,91,80
Laptop_856,76,56,33,81,40,1,28,48,16,14
Laptop_857,66,73,75,46,0,20,51,86,57,82
Laptop_858,100,61,87,61,70,51,76,32,87,84
Laptop_859,58,45,66,63,91,63,20,89,20,36
Laptop_860,89,56,69,99,23,16,89,85,75,43
Laptop_861,57,3,20,54,86,55,15,63,43,3
Laptop_862,73,79,99,53,84,49,75,39,34,66
Laptop_863,69,80,80,52,43,77,3,56,16,72
Laptop_864,95,74,68,31,35,28,97,16,36,47
Laptop_865,25,35,19,63,15,12,42,72,51,22
Laptop_866,42,47,67,94,62,24,68,51,90,35
Laptop_867,77,67,55,61,30,49,62,36,12,82
Laptop_868,26,31,22,92,26,15,2,87,85,88
Laptop_869,74,19,84,7,49,24,5,22,6,13
Laptop_870,71,97,75,69,96,84,92,2,13,59
Laptop_871,58,46,0,85,25,67,73,57,19,41
Laptop_872,28,95,58,7,8,26,73,0,60,93
Laptop_873,50,70,90,49,86,9,33,43,89,43
Laptop_874,4,4,35,48,17,44,16,58,30,10
Laptop_875,56,67,32,95,39,11,45,22,46,51
Laptop_876,72,38,37,89,68,44,94,95,67,82
Laptop_877,15,26,21,72,46,9,6,96,73,7
Laptop_878,49,34,80,98,97,49,6,8,31,35
Laptop_879,47,8,78,47,84,16,84,73,84,64
Laptop_880,15,35,90,38,51,4,21,87,32,66
Laptop_881,71,9,59,51,2,51,61,83,40,9
Laptop_882,15,91,32,3,73,2,72,96,62,70
Laptop_883,12,85,94,72,21,91,90,40,38,95
Laptop_884,88,29,59,44,73,47,30,56,94,60
Laptop_885,40,83,89,73,100,50,74,59,44,61
Laptop_886,74,93,45,92,94,24,1,79,3,70
Laptop_887,39,2,17,67,40,63,13,57,30,79
Laptop_888,90,19,37,76,67,69,91,63,62,23
Laptop_889,74,20,41,69,92,7,70,66,1,90
Laptop_890,80,24,14,11,3,68,74,33,70,55
Laptop_891,0,17,88,17,10,99,89,81,94,38
Laptop_892,16,1,62,82,12,16,20,96,71,92
Laptop_893,47,97,80,33,65,29,26,80,64,14
Laptop_894,2,32,37,0,89,82,1,86,24,66
Laptop_895,69,64,97,66,41,97,93,80,55,57
Laptop_896,50,93,20,100,99,96,13,96,43,96
Laptop_897,75,71,0,23,74,5,21,92,76,55
Laptop_898,52,57,76,37,4,21,1,93,23,21
Laptop_899,59,55,59,92,97,80,93,81,100,86
Laptop_900,95,66,22,41,8,75,96,76,35,93
Laptop_901,15,55,32,21,0,37,63,70,5,85
Laptop_902,49,36,95,8,71,30,6,78,53,25
Laptop_903,45,88,79,51,56,16,3,25,35,8
Laptop_904,48,60,85,80,32,27,87,72,19,17
Laptop_905,38,51,62,91,27,62,89,20,46,51
Laptop_906,45,92,55,91,1,53,45,81,60,2
Laptop_907,46,59,89,100,55,72,34,20,66,13
Laptop_908,72,65,19,90,23,65,95,61,95,16
Laptop_909,78,2,60,82,45,89,96,39,5,0
Laptop_910,10,52,64,40,27,57,55,20,10,88
Laptop_911,82,69,57,83,76,16,65,58,86,13
Laptop_912,18,95,58,69,66,61,13,4,28,78
Laptop_913,83,72,45,38,25,66,91,36,8,18
Laptop_914,96,45,33,50,75,90,11,87,57,22
Laptop_915,88,52,52,22,5,23,41,15,18,9
Laptop_916,92,88,19,25,30,9,74,65,58,86
Laptop_917,48,37,37,62,25,21,88,66,21,52
Laptop_918,69,15,76,45,75,44,2,73,92,75
Laptop_919,50,13,44,15,4,97,33,67,41,56
Laptop_920,22,43,94,99,14,50,21,100,35,72
Laptop_921,47,77,35,42,50,17,57,1,72,49
Laptop_922,19,56,53,2,38,43,13,12,73,72
Laptop_923,25,75,41,52,1,28,58,24,83,41
Laptop_924,1,47,84,68,11,54,48,10,64,28
Laptop_925,89,68,6,53,79,81,75,43,17,49
Laptop_926,0,15,24,14,98,5,91,80,92,88
Laptop_927,32,8,96,54,67,38,2,87,59,28
Laptop_928,34,43,38,95,18,33,27,77,26,83
Laptop_929,4,87,32,16,56,99,16,25,29,61
Laptop_930,85,21,6,40,38,23,55,81,18,1
Laptop_931,100,56,82,68,30,6,59,25,42,53
Laptop_932,99,58,67,54,14,30,97,80,64,14
Laptop_933,30,89,57,71,71,90,47,48,60,65
Laptop_934,13,79,65,17,72,82,43,73,79,88
Laptop_935,45,8,80,74,22,28,70,22,67,100
Laptop_936,27,55,40,86,42,12,42,93,92,87
Laptop_937,41,63,43,90,64,46,69,50,32,17
Laptop_938,61,43,51,36,71,23,67,64,56,49
Laptop_939,96,92,91,46,42,38,85,29,60,2
Laptop_940,22,9,10,78,75,16,24,41,28,50
Laptop_941,34,92,24,79,99,100,56,48,73,31
Laptop_942,84,62,77,68,56,100,66,67,58,20
Laptop_943,9,11,81,52,57,85,26,86,76,0
Laptop_944,17,55,85,53,58,19,11,53,69,100
Laptop_945,34,76,22,7,99,53,12,84,65,14
Laptop_946,54,79,28,60,53,74,24,67,28,31
Laptop_947,71,92,21,47,71,46,17,74,87,31
Laptop_948,89,13,60,29,54,7,96,49,48,12
Laptop_949,17,64,64,60,11,57,81,50,15,17
Laptop_950,10,79,55,7,29,7,2,12,100,94
Laptop_951,49,0,70,68,7,19,79,23,17,72
Laptop_952,45,6,31,70,2,74,54,78,70,93
Laptop_953,3,56,10,21,38,67,78,91,69,83
Laptop_954,77,17,53,14,63,24,90,71,44,69
Laptop_955,64,50,74,32,44,34,41,9,51,31
Laptop_956,7,86,48,70,67,28,52,84,8,64
Laptop_957,84,6,14,95,80,20,45,95,15,92
Laptop_958,5,78,75,86,7,10,73,52,94,87
Laptop_959,75,71,51,93,23,16,100,33,88,85
Laptop_960,33,10,94,24,30,43,58,51,16,18
Laptop_961,50,58,41,46,60,48,85,77,30,74
Laptop_962,36,12,64,21,0,100,89,82,98,38
Laptop_963,6,13,52,58,39,15,19,50,28,66
Laptop_964,47,66,6,41,82,25,12,7,24,40
Laptop_965,75,13,20,17,64,76,67,81,32,99
Laptop_966,70,81,98,100,0,9,41,36,43,4
Laptop_967,75,19,39,98,19,91,36,84,53,39
Laptop_968,41,85,64,42,7,21,85,80,72,5
Laptop_969,30,45,28,12,57,91,3,10,61,59
Laptop_970,70,31,84,31,21,47,68,8,39,16
Laptop_971,64,25,69,75,75,67,4,66,54,20
Laptop_972,90,99,48,58,11,11,27,5,5,84
Laptop_973,93,46,43,44,34,82,81,100,60,55
Laptop_974,43,47,100,24,86,76,76,92,97,16
Laptop_975,28,46,70,59,47,5,59,29,69,79
Laptop_976,48,27,50,27,14,100,21,52,35,88
Laptop_977,91,32,44,94,70,80,8,0,11,81
Laptop_978,61,87,75,91,40,77,19,66,15,80
Laptop_979,57,85,30,34,18,13,50,65,97,96
Laptop_980,28,0,63,24,65,15,77,92,96,40
Laptop_981,4,18,10,64,55,75,3,91,56,60
Laptop_982,86,57,43,52,47,51,77,12,97,19
Laptop_983,69,16,21,64,93,97,98,50,90,87
Laptop_984,55,59,65,87,38,62,36,92,22,16
Laptop_985,89,39,45,61,32,20,0,32,64,63
Laptop_986,78,34,66,78,11,74,50,52,58,55
Laptop_987,13,54,91,7,90,73,35,93,12,1
Laptop_988,42,45,84,93,90,43,31,99,80,100
Laptop_989,48,24,97,19,59,11,76,10,72,86
Laptop_990,56,56,82,12,6,54,80,12,26,32
Laptop_991,52,72,88,70,44,92,100,21,80,82
Laptop_992,50,92,32,27,30,34,87,78,15,93
Laptop_993,34,14,53,30,26,47,47,39,46,81
Laptop_994,78,70,47,78,40,52,62,17,30,61
Laptop_995,12,60,34,91,13,92,21,23,23,78
Laptop_996,99,59,24,37,9,53,24,98,84,5
Laptop_997,86,66,52,26,35,80,52,12,82,81
Laptop_998,83,52,91,80,91,51,81,16,90,49
Laptop_999,65,72,97,9,2,18,2,14,98,67
Laptop_1000,32,49,44,94,99,76,55,1,43,54
